{"_step":5000,"train/loss":0.4235,"_wandb":{"runtime":6832},"train/learning_rate":1e-05,"train/epoch":0,"train/global_step":5000,"_timestamp":1.750679184955538e+09,"_runtime":6832.334184719}